wincred,0,2
ps-visitor,0,2
port-killer,0,2
onion-oled-js,1,1
node-ps,0,2
node-latex-pdf,0,2
kill-by-port,1,1
gitblame,0,2
geojson2kml,0,2
corenlp-js-prefab,0,2
portprocesses,1,2
node-df,0,3
killport,1,2
ffmpegdotjs,2,1
diskstats,1,2
scp,1,3
roar-pidusage,0,4
portkiller,0,4
macfromip,0,4
freespace,0,4
ffmpeg-sdk,1,3
deferred-exec,0,4
corenlp-js-interface,0,4
xps,3,2
xopen,4,1
ts-process-promises,4,1
theme-core,1,4
psnode,3,2
ps-kill,4,1
npm-help,4,1
node-unrar,1,4
lsof,2,3
kill-process-by-name,0,5
heroku-env,4,1
google-cloudstorage-commands,3,2
git-add-remote,4,1
effect,0,5
curljs,1,4
curling,2,3
compass-compile,3,2
npm-git-publish,2,4
monorepo-build,2,4
giting,3,3
git,4,2
git-tags-remote,3,3
git-parse,3,3
git-dummy-commit,0,6
dns-sync,5,1
enpeem,3,4
whereis,2,6
pdf-image,6,2
killing,7,1
install-package,0,8
eslint-fixer,7,1
diskusage-ng,3,5
wc-cmd,8,1
umount,4,5
get-npm-package-version,2,7
aaptjs,5,4
vboxmanage.js,2,8
im-resize,0,10
ps,8,3
node-key-sender,4,7
connection-tester,7,4
apex-publish-static-files,3,8
im-metadata,0,12
blamer,11,1
strider-git,2,11
macaddress,10,3
arpping,12,1
git-lib,0,14
alfred-workflow-nodejs,11,3
adb-driver,9,5
pdfinfojs,11,4
kill-port-process,10,6
gity,7,9
command-exists,12,4
samsung-remote,16,4
bestzip,13,7
apiconnect-cli-plugins,0,20
imagickal,0,23
gry,3,20
find-process,4,19
async-git,10,13
growl,12,12
buns,12,12
lycwed-spritesheetjs,17,9
node-mpv,13,17
codecov,33,0
hot-formula-parser,5,29
open,36,2
@babel/highlight,38,0
libnmap,39,8
pidusage,32,16
extra-asciinema,25,25
clamscan,35,20
@thi.ng/egf,33,23
gm,36,26
react-dev-utils,15,98
total.js,633,99
wincred,0,2
