101,32,11
set-getter,1,1
sahmat,0,2
record-like-deep-assign,0,2
node-dig,1,1
nconf-toml,2,0
linux-cmdline,1,1
ini-parser,0,2
grunt-util-property,0,2
deep-set,0,2
@viking04/merge,1,2
@strikeentco/set,2,1
safe-object2,0,3
rdf-graph-array,0,3
plain-object-merge,1,2
patchmerge,1,2
merge-deep2,0,3
js-extend,0,3
flat-wrap,0,3
deep-override,1,2
x-assign,0,4
nestie,3,1
mergify,0,4
merge-recursive,0,4
getobject,3,1
field,0,4
component-flatten,0,4
cached-path-relative,2,2
asciitable.js,1,3
set-deep-prop,4,1
promisehelpers,2,3
object-path-set,2,3
object-collider,4,1
node-ini,4,1
nested-object-assign,1,4
eivindfjeldstad-dot,3,2
@eivifj/dot,1,4
dotty,2,3
deepref,1,4
deep-get-set,3,2
controlled-merge,0,5
confinit,2,3
utilitify,6,0
set-in,2,4
merge-objects,0,6
expand-hash,0,6
deephas,5,1
deep-defaults,0,6
bodymen,1,5
Proto,0,6
tiny-conf,0,7
phpjs,0,7
objtools,0,7
madlib-object-utils,2,5
json-schema,1,6
extend-merge,1,6
@cookiex/deep,5,2
set-object-value,2,6
pathval,4,4
@lyngs/digger,5,3
defaults-deep,1,7
deeply,2,6
deap,4,4
utils-extend,3,6
upmerge,3,6
think-config,8,1
merge,6,3
@lyngs/merge,5,4
dset,5,4
connie,0,9
safe-flat,8,2
merge-options,7,3
keyget,5,5
jsonpointer,6,4
dot-notes,6,4
shvl,0,11
predefine,2,9
paypal-adaptive,0,11
nis-utils,0,11
js-ini,11,0
deepmergefn,9,2
mootools,0,12
lutils-merge,3,9
libnested,2,10
json8-merge-patch,7,5
flattenizer,5,7
deeps,0,12
confucious,4,8
arr-flatten-unflatten,0,12
undefsafe,6,7
querymen,1,12
mixin-deep,4,9
json-pointer,8,5
extend,5,8
changeset,2,11
@brikcss/merge,8,5
supermixer,6,8
set-or-get,1,13
property-expr,3,12
just-safe-set,8,7
assign-deep,3,12
safe-obj,4,12
merge-deep,12,4
nested-property,2,15
aurelia-path,3,14
mpath,10,8
locutus,12,6
ts-nodash,4,15
ini,19,0
@ianwalter/merge,0,19
copy-props,4,15
multi-ini,20,0
inireader,20,0
deep-extend,3,18
y18n,10,12
ts-dot-prop,16,7
smart-extend,13,10
properties-reader,23,0
mout,3,20
set-value,6,18
node.extend,4,20
minimist,5,20
dot-prop,12,13
flat,6,20
think-helper,1,26
lutils,3,25
nodee-utils,2,27
doc-path,10,19
class-transformer,12,19
worksmith,0,33
merge-change,0,33
keyd,7,27
just-extend,26,9
safetydance,13,24
putil-merge,17,20
style-dictionary,13,26
dot-object,8,31
decal,0,39
jointjs,12,28
vega-util,37,4
rfc6902,7,34
prototyped.js,39,3
Templ8,29,15
objutil,1,44
fast-json-patch,35,10
@fabiocaccamo/utils.js,32,15
objnest,21,27
node-oojs,22,28
@aws-sdk/shared-ini-file-loader,0,50
jquery,53,0
simpl-schema,42,14
@fluentui/styles,36,23
convict,6,54
mithril,45,20
mquery,23,49
gedi,25,49
getsetdeep,0,77
gammautils,48,29
yargs-parser,30,51
bmoor,31,50
json-ptr,52,33
sds,64,29
nedb,23,72
algoliasearch-helper,58,53
lodash,69,45
hoek,11,104
node-forge,6,124
js-data,85,59
immer,133,16
objection,110,81
swiper,166,44
mathjs,68,157
i18next,0,362
typeorm,14,535
total.js,220,512
@tsed/core,355,378
@firebase/util,846,1487
nconf-toml,0,2
ion-parser,0,3
iniparserjs,0,4
node-ini,4,1
utilitify,6,0
js-ini,4,7
ini,4,15
multi-ini,7,13
inireader,4,16
properties-reader,5,18
@aws-sdk/shared-ini-file-loader,0,50
jquery,53,0
nconf-toml,0,2
utilitify,6,0
js-ini,4,7
ini,4,15
multi-ini,7,13
inireader,4,16
properties-reader,5,18
utilitify,3,3
object-path,0,27
