zwserver,0,2
zhaolei1111,0,2
xxf11,0,2
xbhxbh,0,2
welcomyzt,0,2
uekw1511server,0,2
shenliru,0,2
serverzyqzyq,0,2
serveryyl,0,2
serversyysyy,0,2
serverlyr,0,2
serverlyj333,0,2
serverliujiayi1,2,0
serverhuwenhui,2,0
servergmf,0,2
rollup-plugin-server,2,0
nopach,0,2
myprolyz,1,1
my-sn,2,0
lzl123,0,2
liyujing,0,2
gaoxuyan,0,2
gaoxiaotingtingting,0,2
fakelearnnodejs,2,0
exxxxxxxxxxx,0,2
cxy,0,2
cuciuci,0,2
api-proxy,0,2
wind-mvc,0,3
static-html-server,2,1
servershuai,0,3
serverfff,0,3
server12311,0,3
run-this-place,0,3
file-static-server,0,3
ex-http-frame,0,3
dilu,3,0
datachannel-client,0,3
wangguojing123,0,4
static-server-gx,4,0
ritp,0,4
open-device,0,4
myserve111,0,4
fbr-client,4,0
zxyserver,2,3
zs123,2,3
zjjserver,2,3
zhangranbigman,1,4
zhanglina,2,3
yzt,2,3
yypsulie11,2,3
yyooopack,2,3
yxxserver,2,3
yjmyjmyjm,2,3
xingbaohai,2,3
wuzhuang,2,3
wintiwebdev,5,0
willvdb_test_server,2,3
wffserve,2,3
wenluhong1,2,3
wenluhong11,2,3
wenluhong111,2,3
wangshuai,2,3
ussasasa,2,3
tinyserver,2,3
tinyserver2,3,2
susu-sum,2,3
srverqq,2,3
songcaihong,2,3
simple-mock-server,0,5
shit-server,2,3
shenliru3,2,3
sgqserve,2,3
severzlt,2,3
servewuqianqianqian,2,3
serverzyy,2,3
serveryztyzt,0,5
serveryaozeyan,0,5
serverxxx,2,3
serverxh,2,3
serverwzl,0,5
serverwg,2,3
serverabc,2,3
serve46,2,3
rollup-plugin-dev-server,4,1
rjpserver,2,3
pytservce,2,3
ptest,2,3
pico-static-server,2,3
peiserver,2,3
paopao613,2,3
nodeserver-jta,2,3
nodejsccc,2,3
node-staticserver,0,5
node-static-webserver,3,2
node-cxc,5,0
mfrserver,2,3
mfrs,2,3
ltt,1,4
ltt.js,2,3
looppake,2,3
ljjnodeserve,2,3
liuyaserver,5,0
lihuini,2,3
lessindex,2,3
lander,4,1
intsol-package,5,0
infraserver,1,4
hdsdhhksjd,2,3
gyfserver,2,3
goserv,2,3
gamebutler,0,5
dylmomo,2,3
dcdcdcdcdc,2,3
cypserver,2,3
cuiaiguang,2,3
caolilinode,2,3
caolilinode1,2,3
caihong,2,3
awning,3,2
22lixian,2,3
11xiaoli,1,4
wuzhuangserver,0,6
sabu,0,6
rtcmulticonnection-client,0,6
public,6,0
hftp,0,6
express-blinker,3,3
asset-cache,6,0
@vivaxy/here,0,6
serve-here.js,5,2
nodeaaaaa,0,7
httpea,5,2
basic-static,0,7
statichttpserver,8,0
http-file-server,0,8
fast-http-cli,7,1
cyber-js,0,8
statics-server,0,9
isv-http,7,2
http-live-simulator,0,9
gfm-srv,2,7
getstats,10,0
easy-node-server,2,8
der-server,1,9
wrlc,9,2
webrepl,0,12
fsk-server,0,12
web-node-server,5,8
fast-http,11,2
nitro-server,14,0
augustine,3,11
atropa-ide,0,15
stattic,13,3
proxey,0,16
rollup-plugin-serve,5,12
mcstatic,0,19
m-server,20,0
hangersteak,13,8
canvas-designer,0,21
bitty,25,0
angular-http-server,0,25
node-srv,27,0
crud-file-server,17,12
glance,33,5
node-http-server,3,36
servey,0,48
hostr,0,49
node-simple-router,19,91
